記事,商品,商品パス,記事の金額,現在の価格,判定,備考
air-fryer,YC家電 ノンフライヤー 3L,yckaden/ww-5011dss,6990,6990,一致,
air-fryer,COSORI CAF-L501 4.7L,vesync/kaapafcsnjp0062,13980,13980,一致,
air-fryer,COSORI DCモーター 6L,vesync/kaapafcsnjp0106y,19980,19980,一致,
clothes-deodorant,リセッシュ 除菌EX 消臭ストロング 詰め替え,rakuten24/e374198h,414,414,一致,
clothes-deodorant,リセッシュ 除菌EX 消臭ストロング 本体,rakuten24/e374197h,522,522,一致,
clothes-deodorant,ファブリーズ ナチュリス つめかえ 6袋,rakuten24/512159,2714,2714,一致,
clothes-deodorant,ファブリーズ ナチュリス 本体,rakuten24/4902430858229,678,678,一致,
clothes-deodorant,ランドリン ファブリックミスト,naturelab/laundrin-tea-mist,657,657,一致,
clothes-deodorant,ラボン to the Moon ファブリックミスト,naturelab/4582469499534,712,712,一致,
coffee-drip,UCC 職人の珈琲 スペシャルブレンド,coffeestyleucc/set2304004,6860,7203,ズレ,
coffee-drip,澤井珈琲 2種飲み比べ 100袋,sawaicoffee-tea/dp-clbg200,4444,4444,一致,
coffee-drip,カフェ工房 有機栽培コーヒー 130袋,cafekobo/4080,5940,5940,一致,
coffee-drip,辻本珈琲 デカフェ 3種100杯,tsujimoto/dc-d3mix100,6480,6480,一致,
coffee-drip,キーコーヒー ドリップオン 120杯分,keycomr/tc011000,6320,6320,一致,
coffee-drip,スターバックス オリガミ,marry-gift/nf_coffee_sb50c,5400,5400,一致,
diatomite-bathmat,バスマット 速乾 タオル地 大判,latuna/10000010-1,1999,1999,一致,
diatomite-bathmat,王様のバスマット ソフト珪藻土,tmartr/1-b0c3ywqxv2,2390,2390,一致,
diatomite-bathmat,ASUWELL 珪藻土バスマット 日本製,glovalue/asu-002,5980,5980,一致,
diatomite-bathmat,乾度良好 Dナチュレ 抗菌防臭,mat-rug/10000016,6050,5445,ズレ,
diatomite-bathmat,PLYS CARARACA タオル地,mat-rug/10002905,7150,7150,一致,
diatomite-bathmat,なのらぼ 足快バスマット 日本製,yamayuu/ubs-1,7480,7480,一致,
dish-soap,ライオン CHARMY Magica 除菌＋ プロ 3.8L×3,i-order/10053002,6165,6927,ズレ,
dish-soap,"ジョイ W除菌 超ジャンボ 1,550mL×5",rakuten24/405030,4988,4988,一致,
dish-soap,花王 キュキュット 業務用 4.5L,k-relight/003-4901301510778br,3120,3350,ズレ,
dish-soap,緑の魔女 キッチン 5L,rakuten24/a002200200968,4752,4752,一致,
dish-soap,除菌ジョイコンパクト 業務用 4L,irisplaza-r/7269456,4981,4981,一致,
dish-soap,フロッシュ アロエの香り 300mL,rakuten24/e439877h,435,435,一致,
dishwasher-detergent,ecostore オートディッシュウォッシュ パウダー 2kg,ecostore/9420015011098,2090,2090,一致,
dishwasher-detergent,キュキュット 食洗機専用 粉末 800g×3,rakuten24/404959,2574,2574,一致,
dishwasher-detergent,フィニッシュ ビッグパック 150個×3袋,good-item/co-447,5460,5480,ズレ,
dishwasher-detergent,フィニッシュ タブレット 150粒,cleanwarehouse/compass1732784882,2680,2680,一致,
dishwasher-detergent,フィニッシュ オールインワン 94個×2袋,good-item/co-687,4380,4380,一致,
fabric-softener,レノア 超消臭1WEEK 部屋干し,suzu-onlineshop/2255-001127,4580,4580,一致,
fabric-softener,ハミング消臭実感 部屋干し,suterastar/b0cppc2szc-4,5680,6680,ズレ,
fabric-softener,ラボン フレンチマカロン（2倍）,naturelab/4582469490586_5,6325,6325,一致,
fabric-softener,ファーファ ファインフレグランス,cosmebox/j4902135670157s6,6600,7700,ズレ,
fabric-softener,ソフラン プレミアム消臭 ジャンボ,rakuten24/405254,7702,7702,一致,
fabric-softener,ランドリン ボタニカル,rakuten24/519779,6325,6325,一致,
interdental-brush,スマートイン SSS〜S 60本×5個,as-store/sumatoin-sss-s-5,1850,1850,一致,
interdental-brush,GUM ソフトピック カーブ型 30本×3個,as-store/gum-soft-pick,1160,1160,一致,
interdental-brush,デンタルプロ I字型 15本×3個,as-store/dentalpro-sikan-brush,1100,1100,一致,
interdental-brush,デンタルプロ L字型 10本×3パック,emon-otodoke/10000019dens1b3i,1052,1052,一致,
interdental-brush,GUM プロズ L字型 50本入,d-fit/yyyy14,2640,2640,一致,
interdental-brush,ライオン DENT.EX 4本×10,hanico/1816452,4730,4840,ズレ,
kitchen-paper,カークランド 160シート×6ロール,good-mam88/10000355,2380/2380,2480,ズレ,
kitchen-paper,ネピア 激吸収 100カット×4ロール,sundrug/4901121335032,398/600/998,398,一致,
kitchen-paper,スコッティ 3倍長持ち 150カット×4ロール,rakuten24/e451138h,907/770/1677,907,一致,
kitchen-paper,エリエール 超吸収 70カット×4ロール,rakuten24/a066269197088,789/770/1559,789,一致,
kitchen-paper,エリエール 超吸収 無漂白 100カット×2ロール,rakuten24/4902011112153,475/770/1245,475,一致,
kotatsu,タンスのゲン 布団付きこたつ 2点セット,tansu/10001506,10999,10999,一致,
kotatsu,山善 テーブルこたつ GLT-10570,e-kurashi/64437,20999,15999,ズレ,
kotatsu,イーズ 105×75＋コーデュロイ布団,ffws/i-3301048,38100,32100,ズレ,
laundry-bleach,ブライトSTRONG 漂白＆抗菌ジェル つめかえ,tsuruha/10164343,428,428,一致,
laundry-bleach,シャボン玉 酸素系漂白剤 750g×3,rakuten24/27003,1622,1622,一致,
laundry-bleach,ワイドハイターEXパワー 液体 450mL×5,blois/brss1165,1925,2200,ズレ,
laundry-bleach,"オキシクリーン つめかえ用 2,000g",rakuten24/4571169854644,2178,2178,一致,
laundry-bleach,"ワイドハイターPRO 粉末 つめかえ 1,300g",rakutensokuhaimart/4901301452955,1334,1335,ズレ,
laundry-bleach,過炭酸ナトリウム 1kg×3袋,osharecafe/6038301-set1,1880,1880,一致,
laundry-detergent,アタック抗菌EX 部屋干し用,suterastar/b0d4z7rrlp-6,7480,7980,ズレ,
laundry-detergent,ナノックス ニオイ専用 10kg,i-order/10058988,6948,7807,ズレ,
laundry-detergent,アタックZERO 6個セット,enetroom/7266137,7880,10480,ズレ,
