上位のクエリ,クリック数,表示回数,CTR,掲載順位
食材 宅配 一人暮らし,0,41,0%,64.73
食材 配達 サービス 一人暮らし,0,31,0%,91.65
一人暮らし 食材 宅配,0,30,0%,83.53
食材 宅配 サービス 一人暮らし,0,29,0%,91.28
ウォーターサーバー月々,0,29,0%,97.28
一人暮らし 配達 食材,0,28,0%,81.14
1 人 暮らし 食材 宅配,0,28,0%,84.61
生鮮 食品 宅配 一人暮らし,0,28,0%,86.29
宅配 一人暮らし 食材,0,28,0%,87.25
浄水型 ウォーターサーバー 解約金なし,0,28,0%,89.32
一人暮らし 食材 宅配 サービス,0,28,0%,91.57
ひとり 暮らし 食材 宅配,0,27,0%,82
一人暮らし 食材 配達,0,27,0%,85.59
一人暮らし 用 食材 宅配,0,27,0%,90.26
一人暮らし 食費 宅配,0,27,0%,95.74
食材 宅配 料金,0,26,0%,78.69
食材 定期 便 一人暮らし,0,26,0%,89.54
一人暮らし 食材 宅配 人気,0,26,0%,95.88
1 人 分 食材 宅配,0,25,0%,80.52
食材 宅配 二 人 暮らし,0,25,0%,83.88
一人暮らし 食料 宅配,0,25,0%,86.72
食材 宅配 一人,0,25,0%,87.52
食材 宅配 月額,0,25,0%,89.96
食材 宅配 一人暮らし 安い,0,25,0%,92.12
一人暮らし 食品 宅配,0,25,0%,93.08
食費 節約 食材 宅配,0,25,0%,100.52
食材 配達 一人暮らし,0,24,0%,86.33
一人 分 食材 宅配,0,24,0%,89.58
食材 宅配 単身,0,24,0%,89.92
1 人 用 食材 宅配,0,24,0%,92.62
食材 宅配 食費,0,24,0%,94.88
ウォーターサーバー月額,0,24,0%,95.54
一人暮らし 食料 配達,0,23,0%,90.7
食品 宅配 一人暮らし,0,23,0%,92.3
宅配 食材 一人暮らし,0,22,0%,91.36
一人暮らし 食品 配達,0,22,0%,94.18
一人暮らし 宅配 食材,0,21,0%,90.29
ウォーターサーバー 月額,0,18,0%,96.28
1 人 暮らし 食材 宅配 選び方,0,15,0%,90.33
ウォーターサーバー 月々,0,15,0%,97.13
食材 宅配 1 ヶ月,0,8,0%,60.25
食材 宅配 値段,0,8,0%,80.62
食材 宅配 単身 人気,0,8,0%,86.12
ウォーターサーバー 値段 一人暮らし,0,7,0%,96.71
単身 食材 宅配,0,7,0%,97.14
ウォーターサーバーレンタル料,0,7,0%,99.14
ウォーターサーバーとペットボトル どちらが安い,0,6,0%,91.83
食品 配達 一人暮らし,0,6,0%,96.17
ヨシケイ 一人暮らし,0,5,0%,9.6
ウォーターサーバー 電気代 実際,0,5,0%,26.8
食費 節約 宅配,0,5,0%,85.6
"site:vercel.app ""キャンペーン"" ""受取"" -site:amazon.co.jp -site:amazon.com 
-site:amazonaws.com -site:aboutamazon.jp -site:primevideo.com",0,3,0%,1
"site:vercel.app ""amazon"" ""無料トライアル"" -site:amazon.co.jp -site:amazon.com 
-site:amazonaws.com -site:aboutamazon.jp -site:primevideo.com",0,3,0%,3.33
食材 宅配 価格,0,3,0%,12.67
部屋干し 柔軟剤,0,3,0%,70
1人暮らし 食材宅配,0,3,0%,93.33
locca 解約金,0,2,0%,2
ヨシケイ 1人分,0,2,0%,9
ヨシケイ一人分,0,2,0%,10
ヨシケイ 料金 一人暮らし,0,2,0%,18
生乾き 臭 消す,0,2,0%,94.5
ウォーター サーバー 月額,0,2,0%,99
水 一人暮らし,0,2,0%,99.5
ヨシケイ 弁当 一人暮らし,0,1,0%,9
ウォーターサーバーレンタル 1日,0,1,0%,10
locca 電気代,0,1,0%,11
ヨシケイ 一人暮らし 料金,0,1,0%,19
食材宅配 一人暮らし,0,1,0%,19
ウォーターサーバー 1年契約,0,1,0%,20
一人暮らし ヨシケイ,0,1,0%,20
バスマット 珪藻土 タオル どっち,0,1,0%,25
浄水器カートリッジ おすすめ,0,1,0%,39
部屋干し用柔軟剤,0,1,0%,48
浄水器 カートリッジ おすすめ,0,1,0%,63
飲料水 一人暮らし,0,1,0%,77
洗剤 生乾き,0,1,0%,78
部屋 干し 柔軟 剤,0,1,0%,78
部屋干し 柔軟剤 最強,0,1,0%,84
食材宅配 一人暮らし 安い,0,1,0%,90
ウォーター サーバー 年間 費用,0,1,0%,92
ウォーターサーバー 月額 平均,0,1,0%,93
生乾き臭い 消す,0,1,0%,95
生乾き臭 消す,0,1,0%,96
生乾き臭消す,0,1,0%,96
食材 宅配 節約,0,1,0%,101
洗濯 生乾き 臭 洗剤,0,1,0%,103