上位のページ,クリック数,表示回数,CTR,掲載順位
https://hitorikurashi-note.vercel.app/articles/dish-soap,2,77,2.6%,8
https://hitorikurashi-note.vercel.app/articles/laundry-bleach,1,13,7.69%,7
https://hitorikurashi-note.vercel.app/articles/dishwasher-detergent,1,7,14.29%,7.14
https://hitorikurashi-note.vercel.app/articles/kitchen-paper,1,1,100%,4
https://hitorikurashi-note.vercel.app/articles/meal-delivery,0,969,0%,86.79
https://hitorikurashi-note.vercel.app/articles/water-server,0,108,0%,90.89
https://hitorikurashi-note.vercel.app/articles/water-purifier-server,0,36,0%,71.33
https://hitorikurashi-note.vercel.app/articles/yoshikei,0,24,0%,9.62
https://hitorikurashi-note.vercel.app/articles/fabric-softener,0,23,0%,49.35
https://hitorikurashi-note.vercel.app/articles/water-cost,0,22,0%,78.14
https://hitorikurashi-note.vercel.app/articles/laundry-odor,0,20,0%,66.1
https://hitorikurashi-note.vercel.app/articles/laundry-detergent,0,17,0%,16.41
https://hitorikurashi-note.vercel.app/articles/water-filter,0,16,0%,17.56
https://hitorikurashi-note.vercel.app/articles/video-streaming,0,9,0%,4.44
https://hitorikurashi-note.vercel.app/articles/interdental-brush,0,8,0%,6
https://hitorikurashi-note.vercel.app/articles/coffee-drip,0,8,0%,11.5
https://hitorikurashi-note.vercel.app/articles/clothes-deodorant,0,6,0%,4.17
https://hitorikurashi-note.vercel.app/articles/shampoo,0,5,0%,4.8
https://hitorikurashi-note.vercel.app/articles/toothbrush-head,0,5,0%,15.8
https://hitorikurashi-note.vercel.app/articles/hikari-internet,0,4,0%,2.25
https://hitorikurashi-note.vercel.app/,0,3,0%,4
https://hitorikurashi-note.vercel.app/articles/perfume,0,3,0%,7
https://hitorikurashi-note.vercel.app/articles/oral-care,0,3,0%,10
https://hitorikurashi-note.vercel.app/articles/sous-vide,0,2,0%,5.5
https://hitorikurashi-note.vercel.app/articles/tsukurioki,0,1,0%,2
https://hitorikurashi-note.vercel.app/articles/diatomite-bathmat,0,1,0%,25